Station_ID_C,Year,Mon,Day,Hour,pressure,height,temperature,dewpoint,direction,speed
55591,2019,1,2,0,655.0,3650.0,-8.9,-17.9,70.0,2.05776
55591,2019,1,2,0,500.0,5730.0,-16.1,-34.1,190.0,8.74548
55591,2019,1,2,0,400.0,7370.0,-28.1,-44.1,240.0,14.9188
55591,2019,1,2,0,300.0,9380.0,-37.3,-53.3,250.0,42.1841
55591,2019,1,2,0,295.0,,,,245.0,43.7274
